Date,Product,Region,Customer_Type,Quantity,Price,Discount,Revenue
2024-06-20,Tools,West,Homeowner,25,302.69,0.16,6356.49
2024-07-03,Paint,East,Homeowner,3,416.25,0.07,1161.34
2024-09-14,Tools,South,Homeowner,45,215.95,0.01,9620.57
2024-08-12,Tools,West,Homeowner,50,123.72,0.02,6062.28
2024-09-16,Garden Supplies,East,Contractor,46,458.85,0.01,20896.03
2024-03-26,Garden Supplies,North,Contractor,12,80.41,0.23,742.99
2024-07-06,Tools,East,Contractor,21,61.54,0.12,1137.26
2024-09-27,Tools,North,Homeowner,4,497.23,0.16,1670.69
2024-02-26,Paint,North,Homeowner,38,134.79,0.12,4507.38
2024-11-27,Tools,North,Homeowner,38,363.24,0.08,12698.87
2024-01-02,Paint,South,Homeowner,43,68.12,0.04,2811.99
2024-05-03,Garden Supplies,South,Contractor,11,100.68,0.13,963.51
2024-11-04,Paint,East,Contractor,40,59.3,0.02,2324.56
2024-12-30,Tools,East,Contractor,29,437.12,0.27,9253.83
2024-10-13,Tools,West,Homeowner,25,319.89,0.21,6317.83
2024-04-10,Garden Supplies,West,Contractor,42,408.45,0.29,12179.98
2024-02-25,Garden Supplies,South,Contractor,28,128.67,0.14,3098.37
2024-08-24,Garden Supplies,North,Homeowner,45,319.6,0.2,11505.6
2024-06-21,Paint,West,Contractor,31,383.3,0.19,9624.66
2024-05-30,Garden Supplies,East,Contractor,3,351.87,0.08,971.16
2024-01-17,Garden Supplies,North,Contractor,40,10.54,0.05,400.52
2024-11-06,Garden Supplies,East,Contractor,15,473.26,0.22,5537.14
2024-06-20,Paint,West,Contractor,8,104.89,0.17,696.47
2024-12-26,Garden Supplies,West,Homeowner,6,346.09,0.29,1474.34
2024-07-13,Tools,North,Homeowner,16,254.82,0.09,3710.18
2024-05-30,Garden Supplies,South,Contractor,18,413.02,0.01,7360.02
2024-02-06,Garden Supplies,North,Contractor,17,350.59,0.22,4648.82
2024-03-30,Paint,West,Contractor,32,158.5,0.12,4463.36
2024-10-27,Garden Supplies,South,Contractor,17,454.56,0.24,5872.92
2024-05-21,Garden Supplies,South,Homeowner,13,363.98,0.2,3785.39
2024-04-26,Garden Supplies,South,Contractor,2,354.97,0.21,560.85
2024-06-08,Tools,South,Homeowner,12,249.13,0.23,2301.96
2024-06-14,Tools,South,Homeowner,4,342.93,0.29,973.92
2024-11-01,Paint,North,Contractor,48,71.04,0.0,3409.92
2024-11-03,Paint,East,Contractor,26,226.02,0.16,4936.28
2024-01-24,Garden Supplies,West,Contractor,40,235.55,0.21,7443.38
2024-11-25,Tools,South,Contractor,44,489.19,0.02,21093.87
2024-11-13,Tools,West,Contractor,16,119.93,0.05,1822.94
2024-03-20,Tools,East,Contractor,15,11.06,0.11,147.65
2024-07-13,Garden Supplies,North,Contractor,45,494.12,0.01,22013.05
2024-04-17,Garden Supplies,South,Contractor,9,131.68,0.26,876.99
2024-08-06,Tools,East,Homeowner,12,365.13,0.19,3549.06
2024-05-11,Tools,North,Contractor,34,175.84,0.25,4483.92
2024-04-05,Garden Supplies,South,Homeowner,38,456.53,0.25,13011.1
2024-11-29,Tools,East,Homeowner,36,42.15,0.02,1487.05
2024-07-29,Tools,North,Homeowner,39,205.11,0.17,6639.41
2024-12-26,Tools,South,Homeowner,25,6.97,0.23,134.17
2024-10-04,Garden Supplies,East,Contractor,49,485.55,0.16,19985.24
2024-03-17,Garden Supplies,West,Homeowner,21,388.4,0.02,7993.27
2024-10-21,Paint,East,Homeowner,40,149.89,0.01,5935.64
2024-12-01,Paint,West,Contractor,27,154.52,0.28,3003.87
2024-08-18,Paint,East,Contractor,11,157.95,0.03,1685.33
2024-03-27,Tools,West,Contractor,31,399.04,0.1,11133.22
2024-09-29,Tools,East,Homeowner,18,311.01,0.01,5542.2
2024-09-18,Tools,East,Homeowner,41,199.03,0.04,7833.82
2024-01-08,Garden Supplies,South,Contractor,19,236.34,0.23,3457.65
2024-12-18,Tools,East,Contractor,6,84.11,0.14,434.01
2024-08-14,Paint,North,Contractor,4,218.41,0.01,864.9
2024-07-05,Garden Supplies,North,Homeowner,16,431.55,0.06,6490.51
2024-12-26,Garden Supplies,West,Homeowner,4,193.9,0.04,744.58
2024-11-25,Garden Supplies,East,Homeowner,1,446.87,0.17,370.9
2024-01-23,Garden Supplies,South,Contractor,43,138.68,0.27,4353.17
2024-05-10,Garden Supplies,East,Contractor,19,131.42,0.09,2272.25
2024-04-19,Paint,West,Contractor,26,337.75,0.18,7200.83
2024-07-26,Tools,West,Contractor,7,198.57,0.16,1167.59
2024-11-28,Garden Supplies,West,Homeowner,48,136.83,0.12,5779.7
2024-09-02,Garden Supplies,South,Contractor,23,353.36,0.26,6014.19
2024-03-30,Paint,East,Homeowner,47,433.95,0.13,17744.22
2024-03-28,Paint,South,Contractor,46,104.44,0.15,4083.6
2024-11-01,Paint,South,Contractor,22,56.54,0.1,1119.49
2024-01-25,Garden Supplies,West,Homeowner,9,155.76,0.18,1149.51
2024-01-22,Tools,East,Contractor,38,177.08,0.12,5921.56
2024-02-24,Paint,West,Contractor,31,404.08,0.08,11524.36
2024-10-09,Paint,North,Contractor,34,176.72,0.23,4626.53
2024-08-12,Tools,South,Homeowner,36,140.7,0.15,4305.42
2024-02-18,Paint,North,Homeowner,45,49.42,0.08,2045.99
2024-01-08,Paint,North,Homeowner,25,257.99,0.21,5095.3
2024-07-08,Paint,North,Contractor,17,407.46,0.06,6511.21
2024-11-09,Paint,West,Contractor,37,12.63,0.18,383.19
2024-06-20,Garden Supplies,West,Homeowner,31,289.09,0.03,8692.94
2024-03-18,Paint,East,Contractor,24,454.8,0.08,10041.98
2024-04-12,Garden Supplies,West,Homeowner,40,209.56,0.3,5867.68
2024-05-18,Tools,North,Contractor,39,369.04,0.11,12809.38
2024-09-02,Garden Supplies,North,Homeowner,23,189.14,0.06,4089.21
2024-09-15,Paint,East,Homeowner,34,430.73,0.24,11130.06
2024-06-01,Tools,South,Homeowner,27,461.0,0.25,9335.25
2024-08-26,Paint,South,Contractor,7,481.51,0.12,2966.1
2024-01-05,Paint,East,Homeowner,17,118.93,0.22,1577.01
2024-11-07,Tools,East,Homeowner,39,57.1,0.13,1937.4
2024-07-28,Tools,West,Homeowner,10,67.52,0.29,479.39
2024-12-22,Tools,South,Contractor,49,331.84,0.06,15284.55
2024-10-05,Garden Supplies,East,Contractor,38,11.08,0.14,362.09
2024-02-17,Tools,South,Homeowner,27,272.19,0.16,6173.27
2024-11-27,Garden Supplies,South,Homeowner,44,282.6,0.21,9823.18
2024-05-21,Paint,West,Contractor,14,260.1,0.13,3168.02
2024-05-10,Tools,East,Homeowner,37,481.96,0.27,13017.74
2024-01-28,Garden Supplies,West,Homeowner,10,103.18,0.17,856.39
2024-04-08,Garden Supplies,East,Homeowner,10,290.67,0.02,2848.57
2024-11-24,Tools,West,Contractor,49,33.57,0.11,1463.99
2024-05-29,Garden Supplies,North,Homeowner,31,151.65,0.17,3901.95
2024-06-03,Garden Supplies,East,Contractor,44,135.81,0.14,5139.05
2024-11-14,Tools,South,Homeowner,31,58.63,0.29,1290.45
2024-11-11,Paint,West,Homeowner,30,191.15,0.22,4472.91
2024-10-20,Garden Supplies,East,Homeowner,44,117.05,0.24,3914.15
2024-05-07,Tools,West,Contractor,24,89.62,0.12,1892.77
2024-02-02,Paint,East,Contractor,27,217.58,0.19,4758.47
2024-11-16,Tools,North,Homeowner,47,179.42,0.19,6830.52
2024-02-20,Garden Supplies,South,Contractor,7,181.66,0.02,1246.19
2024-04-08,Paint,East,Contractor,39,244.1,0.18,7806.32
2024-02-28,Paint,East,Contractor,13,202.69,0.22,2055.28
2024-07-21,Paint,West,Homeowner,27,154.02,0.2,3326.83
2024-07-05,Garden Supplies,West,Homeowner,7,246.12,0.06,1619.47
2024-04-02,Garden Supplies,South,Contractor,40,160.66,0.08,5912.29
2024-10-19,Tools,East,Contractor,23,430.93,0.22,7730.88
2024-10-21,Paint,South,Contractor,17,18.72,0.12,280.05
2024-02-28,Garden Supplies,West,Contractor,34,81.87,0.15,2366.04
2024-01-06,Tools,North,Contractor,34,296.42,0.11,8969.67
2024-10-06,Paint,North,Homeowner,16,6.3,0.23,77.62
2024-06-03,Garden Supplies,South,Homeowner,39,167.54,0.22,5096.57
2024-12-01,Paint,East,Homeowner,5,346.82,0.29,1231.21
2024-03-28,Tools,East,Contractor,43,338.93,0.17,12096.41
2024-07-13,Tools,West,Contractor,31,329.2,0.01,10103.15
2024-07-04,Garden Supplies,North,Contractor,36,402.11,0.27,10567.45
2024-06-07,Garden Supplies,East,Homeowner,20,330.51,0.25,4957.65
2024-11-22,Tools,East,Homeowner,50,239.79,0.18,9831.39
2024-10-18,Garden Supplies,East,Homeowner,29,408.95,0.25,8894.66
2024-06-12,Garden Supplies,South,Homeowner,11,200.06,0.04,2112.63
2024-08-06,Paint,South,Homeowner,17,329.74,0.14,4820.8
2024-03-23,Tools,East,Contractor,45,471.82,0.22,16560.88
2024-11-10,Garden Supplies,East,Homeowner,15,137.13,0.11,1830.69
2024-11-27,Tools,West,Homeowner,7,136.97,0.03,930.03
2024-07-14,Garden Supplies,West,Contractor,34,337.3,0.29,8142.42
2024-04-18,Tools,East,Homeowner,24,360.77,0.11,7706.05
2024-07-26,Garden Supplies,West,Contractor,38,397.21,0.23,11622.36
2024-11-09,Garden Supplies,South,Homeowner,41,151.98,0.05,5919.62
2024-01-16,Garden Supplies,South,Homeowner,18,91.51,0.19,1334.22
2024-06-20,Tools,East,Homeowner,32,10.45,0.26,247.46
2024-10-04,Tools,North,Contractor,2,130.36,0.04,250.29
2024-11-25,Tools,East,Contractor,37,202.08,0.07,6953.57
2024-12-29,Paint,North,Homeowner,42,400.29,0.08,15467.21
2024-12-30,Garden Supplies,East,Homeowner,10,460.18,0.22,3589.4
2024-09-18,Paint,West,Contractor,36,345.33,0.11,11064.37
2024-02-19,Garden Supplies,West,Homeowner,7,225.69,0.09,1437.65
2024-01-01,Garden Supplies,East,Contractor,10,265.91,0.02,2605.92
2024-03-25,Garden Supplies,South,Contractor,47,379.43,0.12,15693.22
2024-04-09,Paint,West,Contractor,27,43.9,0.25,888.97
2024-11-03,Garden Supplies,South,Contractor,15,462.32,0.27,5062.4
2024-07-23,Tools,South,Contractor,28,405.66,0.15,9654.71
2024-09-04,Paint,East,Homeowner,9,36.66,0.28,237.56
2024-10-03,Garden Supplies,South,Contractor,39,128.02,0.22,3894.37
2024-01-02,Tools,North,Contractor,23,135.33,0.11,2770.21
2024-08-24,Paint,West,Contractor,50,127.61,0.13,5551.04
2024-05-28,Paint,South,Contractor,31,142.56,0.16,3712.26
2024-07-14,Paint,South,Contractor,8,364.17,0.05,2767.69
2024-03-18,Garden Supplies,South,Homeowner,43,47.44,0.02,1999.12
2024-07-11,Paint,South,Contractor,11,37.75,0.21,328.05
2024-02-28,Garden Supplies,West,Homeowner,22,274.6,0.15,5135.02
2024-11-07,Tools,North,Contractor,16,250.98,0.02,3935.37
2024-08-24,Tools,North,Contractor,40,413.15,0.3,11568.2
2024-02-09,Paint,East,Homeowner,26,192.06,0.17,4144.65
2024-09-04,Paint,East,Homeowner,22,372.26,0.2,6551.78
2024-05-05,Paint,North,Contractor,50,441.2,0.17,18309.8
2024-01-20,Paint,West,Homeowner,3,244.6,0.24,557.69
2024-12-02,Garden Supplies,North,Homeowner,11,317.8,0.03,3390.93
2024-02-08,Tools,East,Homeowner,41,243.84,0.07,9297.62
2024-06-25,Paint,South,Homeowner,43,359.18,0.12,13591.37
2024-10-05,Garden Supplies,North,Contractor,33,76.86,0.0,2536.38
2024-02-29,Garden Supplies,North,Homeowner,6,349.21,0.04,2011.45
2024-08-27,Paint,West,Contractor,1,348.64,0.21,275.43
2024-12-31,Tools,South,Contractor,10,225.66,0.02,2211.47
2024-08-31,Tools,West,Homeowner,21,86.9,0.14,1569.41
2024-05-31,Tools,East,Homeowner,25,157.06,0.04,3769.44
2024-05-09,Paint,North,Homeowner,49,172.84,0.0,8469.16
2024-07-05,Paint,East,Homeowner,5,34.4,0.12,151.36
2024-06-18,Tools,East,Homeowner,43,166.18,0.06,6717.0
2024-02-11,Garden Supplies,South,Contractor,50,468.14,0.26,17321.18
2024-11-28,Paint,West,Homeowner,37,52.12,0.25,1446.33
2024-09-02,Tools,North,Homeowner,46,123.36,0.29,4028.94
2024-06-02,Paint,North,Homeowner,19,138.84,0.18,2163.13
2024-01-01,Garden Supplies,North,Contractor,44,239.31,0.02,10319.05
2024-02-20,Garden Supplies,North,Homeowner,47,165.24,0.04,7455.63
2024-08-27,Garden Supplies,West,Contractor,20,388.83,0.27,5676.92
2024-04-26,Paint,East,Contractor,45,394.89,0.08,16348.45
2024-04-04,Garden Supplies,South,Contractor,18,49.68,0.21,706.45
2024-07-16,Paint,South,Homeowner,40,357.45,0.24,10866.48
2024-05-10,Garden Supplies,South,Homeowner,39,421.44,0.03,15943.08
2024-02-26,Tools,North,Homeowner,13,273.11,0.11,3159.88
2024-12-23,Tools,East,Homeowner,4,153.22,0.23,471.92
2024-05-22,Paint,North,Homeowner,6,10.31,0.13,53.82
2024-03-16,Paint,East,Contractor,39,116.08,0.06,4255.49
2024-05-21,Garden Supplies,North,Homeowner,7,15.92,0.26,82.47
2024-05-13,Paint,East,Homeowner,21,309.44,0.02,6368.28
2024-10-11,Paint,East,Contractor,37,254.27,0.12,8279.03
2024-11-30,Paint,South,Homeowner,18,63.56,0.08,1052.55
2024-12-22,Garden Supplies,East,Contractor,49,380.0,0.06,17502.8
2024-11-30,Garden Supplies,South,Homeowner,45,352.73,0.16,13333.19
2024-01-25,Garden Supplies,North,Contractor,12,29.88,0.15,304.78
2024-11-10,Paint,West,Contractor,38,311.17,0.21,9341.32
2024-06-04,Garden Supplies,North,Contractor,31,353.57,0.18,8987.75
2024-10-04,Tools,North,Contractor,6,90.29,0.13,471.31
2024-08-05,Garden Supplies,East,Homeowner,8,67.62,0.04,519.32
2024-11-15,Tools,North,Homeowner,32,115.82,0.21,2927.93
2024-02-21,Garden Supplies,North,Homeowner,5,392.08,0.02,1921.19
2024-03-10,Garden Supplies,East,Homeowner,30,114.52,0.28,2473.63
2024-12-23,Paint,North,Contractor,13,274.62,0.17,2963.15
2024-11-19,Paint,East,Contractor,22,248.06,0.21,4311.28
2024-04-27,Garden Supplies,South,Contractor,1,33.41,0.28,24.06
2024-09-28,Garden Supplies,West,Contractor,26,47.37,0.01,1219.3
2024-05-07,Garden Supplies,North,Contractor,25,228.57,0.01,5657.11
2024-07-09,Paint,East,Contractor,44,424.46,0.09,16995.38
2024-08-02,Paint,South,Homeowner,27,92.53,0.05,2373.39
2024-06-15,Tools,West,Contractor,39,223.85,0.07,8119.04
2024-01-05,Paint,West,Homeowner,45,155.57,0.05,6650.62
2024-11-29,Paint,South,Homeowner,29,35.46,0.08,946.07
2024-06-10,Garden Supplies,East,Contractor,43,437.66,0.15,15996.47
2024-09-29,Tools,West,Contractor,29,195.0,0.08,5202.6
2024-06-04,Paint,East,Homeowner,33,289.17,0.22,7443.24
2024-01-03,Tools,East,Homeowner,17,251.29,0.03,4143.77
2024-06-06,Garden Supplies,South,Contractor,17,233.86,0.12,3498.55
2024-10-06,Tools,North,Contractor,2,43.84,0.21,69.27
2024-07-30,Garden Supplies,West,Contractor,22,424.08,0.29,6624.13
2024-03-04,Tools,East,Homeowner,19,213.31,0.16,3404.43
2024-12-27,Garden Supplies,North,Homeowner,43,159.82,0.06,6459.92
2024-08-15,Paint,East,Homeowner,13,7.87,0.09,93.1
2024-12-19,Paint,North,Homeowner,11,469.48,0.0,5164.28
2024-01-01,Paint,East,Homeowner,18,22.09,0.09,361.83
2024-11-26,Tools,South,Contractor,15,443.41,0.19,5387.43
2024-03-01,Tools,North,Homeowner,36,142.41,0.23,3947.61
2024-08-24,Tools,North,Homeowner,36,117.1,0.16,3541.1
2024-07-25,Paint,North,Contractor,20,78.2,0.09,1423.24
2024-05-15,Tools,West,Contractor,46,340.18,0.03,15178.83
2024-12-16,Paint,North,Homeowner,1,67.28,0.25,50.46
2024-11-05,Paint,West,Homeowner,24,287.93,0.15,5873.77
2024-10-27,Paint,West,Contractor,48,413.48,0.27,14488.34
2024-10-06,Tools,North,Homeowner,31,375.76,0.2,9318.85
2024-05-08,Garden Supplies,East,Homeowner,15,142.3,0.08,1963.74
2024-07-25,Garden Supplies,East,Homeowner,50,426.15,0.24,16193.7
2024-09-25,Tools,North,Homeowner,1,452.89,0.1,407.6
2024-06-13,Tools,East,Contractor,6,173.15,0.3,727.23
2024-12-27,Paint,North,Contractor,22,132.5,0.06,2740.1
2024-03-18,Tools,South,Homeowner,18,474.33,0.04,8196.42
2024-10-18,Tools,South,Contractor,10,336.07,0.15,2856.6
2024-09-30,Tools,East,Homeowner,19,412.89,0.17,6511.28
2024-12-31,Paint,South,Homeowner,19,308.69,0.08,5395.9
2024-04-12,Tools,East,Contractor,36,246.08,0.27,6466.98
2024-07-07,Paint,South,Homeowner,36,290.33,0.03,10138.32
2024-12-14,Paint,South,Contractor,2,241.09,0.06,453.25
2024-11-25,Tools,East,Homeowner,41,140.22,0.01,5691.53
2024-02-23,Garden Supplies,North,Homeowner,49,229.11,0.25,8419.79
2024-12-31,Garden Supplies,East,Contractor,12,296.96,0.08,3278.44
2024-08-19,Garden Supplies,West,Homeowner,7,236.72,0.14,1425.05
2024-03-26,Paint,North,Homeowner,43,338.3,0.05,13819.55
2024-04-20,Paint,South,Homeowner,30,138.38,0.07,3860.8
2024-02-19,Garden Supplies,West,Homeowner,45,436.74,0.05,18670.63
2024-05-27,Garden Supplies,East,Homeowner,28,472.78,0.14,11384.54
2024-04-01,Paint,South,Contractor,21,25.62,0.16,451.94
2024-02-04,Tools,South,Homeowner,32,487.38,0.07,14504.43
2024-06-15,Garden Supplies,South,Homeowner,40,200.0,0.06,7520.0
2024-03-04,Paint,South,Contractor,6,204.29,0.26,907.05
2024-04-23,Tools,East,Contractor,44,390.53,0.2,13746.66
2024-11-18,Paint,East,Homeowner,24,127.48,0.15,2600.59
2024-02-22,Garden Supplies,East,Contractor,40,458.22,0.07,17045.78
2024-03-03,Garden Supplies,West,Homeowner,14,225.86,0.14,2719.35
2024-02-22,Paint,East,Contractor,45,477.42,0.12,18905.83
2024-11-08,Paint,East,Homeowner,1,405.61,0.28,292.04
2024-07-02,Tools,South,Homeowner,28,314.28,0.24,6687.88
2024-02-12,Garden Supplies,East,Homeowner,39,306.3,0.08,10990.04
2024-08-19,Tools,South,Homeowner,32,89.61,0.09,2609.44
2024-11-29,Paint,North,Homeowner,39,250.94,0.1,8807.99
2024-11-06,Paint,North,Contractor,11,148.59,0.16,1372.97
2024-12-03,Tools,East,Homeowner,12,157.35,0.13,1642.73
2024-09-06,Tools,South,Contractor,4,167.3,0.0,669.2
2024-09-14,Paint,North,Homeowner,34,329.07,0.17,9286.36
2024-12-10,Paint,West,Homeowner,4,21.77,0.06,81.86
2024-07-20,Garden Supplies,East,Homeowner,41,306.73,0.25,9431.95
2024-02-04,Tools,East,Contractor,21,395.09,0.21,6554.54
2024-03-03,Paint,North,Homeowner,46,31.43,0.19,1171.08
2024-11-29,Paint,North,Homeowner,2,360.39,0.22,562.21
2024-02-03,Garden Supplies,East,Homeowner,22,59.94,0.13,1147.25
2024-06-02,Tools,West,Homeowner,29,10.23,0.21,234.37
2024-07-20,Paint,South,Contractor,12,160.08,0.29,1363.88
2024-07-19,Garden Supplies,North,Contractor,20,156.31,0.3,2188.34
2024-06-26,Tools,South,Contractor,9,70.94,0.1,574.61
2024-07-06,Paint,West,Homeowner,18,128.73,0.24,1761.03
2024-08-21,Garden Supplies,South,Contractor,44,73.66,0.04,3111.4
2024-04-04,Tools,South,Homeowner,23,206.09,0.1,4266.06
2024-04-21,Garden Supplies,East,Contractor,39,299.58,0.22,9113.22
2024-11-13,Paint,East,Homeowner,48,440.55,0.04,20300.54
2024-12-11,Garden Supplies,South,Contractor,1,205.94,0.19,166.81
2024-03-10,Garden Supplies,North,Homeowner,28,103.35,0.24,2199.29
2024-08-03,Tools,North,Contractor,29,282.51,0.0,8192.79
2024-06-17,Garden Supplies,South,Homeowner,23,102.9,0.1,2130.03
2024-02-24,Garden Supplies,South,Contractor,35,236.42,0.3,5792.29
2024-03-04,Garden Supplies,South,Contractor,40,247.68,0.23,7628.54
2024-12-03,Garden Supplies,West,Contractor,6,98.65,0.3,414.33
2024-07-10,Paint,North,Contractor,40,194.42,0.24,5910.37
2024-04-16,Tools,South,Homeowner,21,213.84,0.09,4086.48
2024-06-11,Tools,East,Contractor,7,188.67,0.13,1149.0
2024-08-26,Paint,East,Contractor,48,179.19,0.13,7482.97
2024-05-31,Paint,East,Homeowner,16,445.9,0.21,5636.18
2024-11-08,Paint,East,Homeowner,32,412.99,0.08,12158.43
2024-01-11,Garden Supplies,North,Homeowner,37,80.21,0.22,2314.86
2024-06-07,Paint,East,Contractor,44,106.05,0.25,3499.65
2024-03-21,Tools,West,Contractor,48,31.97,0.02,1503.87
2024-04-07,Paint,West,Homeowner,48,265.43,0.05,12103.61
2024-12-26,Tools,South,Contractor,38,174.93,0.11,5916.13
2024-01-17,Tools,South,Contractor,37,329.35,0.06,11454.79
2024-09-01,Paint,East,Homeowner,40,115.55,0.11,4113.58
2024-06-17,Tools,West,Contractor,29,176.68,0.29,3637.84
2024-04-08,Paint,East,Contractor,23,174.84,0.21,3176.84
2024-11-10,Paint,East,Homeowner,34,55.9,0.13,1653.52
2024-12-13,Tools,West,Homeowner,6,254.82,0.21,1207.85
2024-09-06,Garden Supplies,South,Contractor,30,42.13,0.11,1124.87
2024-09-13,Paint,East,Homeowner,25,125.75,0.18,2577.88
2024-09-12,Tools,North,Homeowner,30,117.46,0.07,3277.13
2024-01-31,Paint,South,Homeowner,45,317.57,0.21,11289.61
2024-03-22,Paint,South,Homeowner,45,194.9,0.1,7893.45
2024-04-26,Tools,West,Homeowner,20,465.4,0.25,6981.0
2024-01-24,Tools,West,Contractor,24,30.89,0.09,674.64
2024-08-01,Tools,South,Homeowner,45,201.0,0.05,8592.75
2024-04-12,Paint,South,Homeowner,38,458.54,0.25,13068.39
2024-03-23,Paint,East,Homeowner,33,388.13,0.23,9862.38
2024-12-07,Garden Supplies,West,Contractor,28,266.85,0.16,6276.31
2024-02-03,Tools,West,Contractor,12,17.44,0.09,190.44
2024-02-12,Tools,North,Contractor,41,468.58,0.28,13832.48
2024-11-18,Tools,East,Homeowner,48,439.59,0.04,20256.31
2024-09-20,Tools,East,Homeowner,50,272.19,0.25,10207.12
2024-01-25,Garden Supplies,East,Homeowner,3,328.19,0.19,797.5
2024-10-10,Tools,East,Homeowner,28,491.53,0.27,10046.87
2024-09-06,Paint,East,Homeowner,32,197.4,0.18,5179.78
2024-06-23,Garden Supplies,West,Contractor,38,214.47,0.07,7579.37
2024-10-01,Garden Supplies,South,Contractor,40,198.11,0.26,5864.06
2024-12-28,Tools,South,Homeowner,24,237.74,0.11,5078.13
2024-04-06,Tools,West,Contractor,8,381.34,0.27,2227.03
2024-12-29,Tools,West,Homeowner,47,258.92,0.08,11195.7
2024-04-28,Garden Supplies,North,Contractor,21,488.11,0.13,8917.77
2024-04-25,Garden Supplies,East,Homeowner,34,470.24,0.21,12630.65
2024-07-23,Tools,East,Homeowner,7,193.49,0.07,1259.62
2024-02-01,Paint,South,Homeowner,39,110.88,0.22,3372.97
2024-07-19,Paint,West,Homeowner,19,5.85,0.03,107.82
2024-11-05,Tools,West,Contractor,42,115.7,0.22,3790.33
2024-05-19,Garden Supplies,West,Homeowner,40,196.48,0.19,6365.95
2024-02-27,Tools,West,Homeowner,34,245.33,0.21,6589.56
2024-09-05,Paint,West,Contractor,9,226.97,0.13,1777.18
2024-10-24,Garden Supplies,West,Contractor,18,403.1,0.19,5877.2
2024-01-25,Garden Supplies,West,Contractor,20,412.58,0.18,6766.31
2024-05-15,Paint,East,Homeowner,19,463.45,0.29,6251.94
2024-10-20,Garden Supplies,West,Homeowner,42,256.59,0.27,7867.05
2024-01-19,Tools,North,Contractor,48,50.77,0.14,2095.79
2024-02-06,Tools,South,Homeowner,35,316.1,0.25,8297.62
2024-10-12,Garden Supplies,West,Homeowner,46,413.54,0.26,14076.9
2024-04-20,Garden Supplies,South,Contractor,13,61.68,0.07,745.71
2024-02-12,Paint,North,Contractor,28,114.35,0.24,2433.37
2024-09-21,Tools,East,Contractor,14,491.92,0.04,6611.4
2024-11-08,Garden Supplies,West,Homeowner,45,425.74,0.28,13793.98
2024-09-01,Paint,East,Contractor,12,123.34,0.13,1287.67
2024-10-09,Garden Supplies,South,Homeowner,6,254.38,0.16,1282.08
2024-03-11,Paint,East,Homeowner,34,101.38,0.12,3033.29
2024-07-08,Tools,South,Homeowner,23,432.05,0.12,8744.69
2024-05-13,Garden Supplies,South,Homeowner,48,119.15,0.15,4861.32
2024-04-11,Tools,North,Contractor,25,126.37,0.03,3064.47
2024-08-30,Tools,North,Homeowner,44,130.55,0.04,5514.43
2024-12-08,Paint,East,Homeowner,19,339.37,0.28,4642.58
2024-10-17,Tools,East,Contractor,14,263.38,0.03,3576.7
2024-05-16,Tools,West,Homeowner,21,183.2,0.12,3385.54
2024-10-05,Garden Supplies,North,Contractor,40,455.17,0.08,16750.26
2024-11-07,Paint,North,Contractor,39,41.35,0.06,1515.89
2024-06-17,Garden Supplies,East,Contractor,4,180.45,0.06,678.49
2024-01-19,Paint,South,Homeowner,33,18.19,0.1,540.24
2024-04-23,Garden Supplies,North,Contractor,1,112.95,0.21,89.23
2024-07-24,Tools,East,Contractor,16,193.67,0.11,2757.86
2024-10-31,Garden Supplies,West,Contractor,45,341.19,0.03,14892.94
2024-01-28,Garden Supplies,West,Homeowner,42,234.73,0.01,9760.07
2024-10-15,Paint,North,Contractor,46,201.72,0.24,7052.13
2024-07-16,Tools,East,Contractor,31,454.36,0.11,12535.79
2024-03-07,Tools,North,Homeowner,36,130.11,0.23,3606.65
2024-08-09,Garden Supplies,North,Homeowner,15,45.84,0.17,570.71
2024-03-31,Garden Supplies,West,Contractor,28,370.03,0.09,9428.36
2024-02-13,Paint,West,Homeowner,25,118.95,0.15,2527.69
2024-01-20,Garden Supplies,West,Contractor,49,218.36,0.03,10378.65
2024-12-03,Paint,South,Contractor,3,384.35,0.25,864.79
2024-07-04,Paint,West,Contractor,31,294.24,0.23,7023.51
2024-08-28,Paint,East,Homeowner,14,446.41,0.26,4624.81
2024-10-07,Garden Supplies,South,Contractor,32,120.05,0.25,2881.2
2024-06-19,Paint,South,Homeowner,19,204.35,0.02,3805.0
2024-03-10,Tools,West,Homeowner,28,498.4,0.2,11164.16
2024-06-29,Paint,West,Homeowner,1,435.49,0.15,370.17
2024-03-24,Paint,North,Homeowner,48,49.54,0.18,1949.89
2024-09-14,Garden Supplies,North,Homeowner,11,236.22,0.25,1948.82
2024-10-19,Garden Supplies,East,Homeowner,39,400.59,0.3,10936.11
2024-02-02,Garden Supplies,West,Contractor,39,279.81,0.19,8839.2
2024-08-15,Paint,North,Contractor,19,228.43,0.28,3124.92
2024-01-11,Garden Supplies,North,Contractor,34,382.7,0.03,12621.45
2024-04-11,Tools,West,Contractor,15,348.19,0.27,3812.68
2024-10-04,Paint,South,Homeowner,3,198.45,0.2,476.28
2024-08-10,Paint,West,Homeowner,6,454.29,0.26,2017.05
2024-01-12,Tools,West,Homeowner,35,80.56,0.18,2312.07
2024-05-25,Tools,South,Homeowner,26,131.55,0.16,2873.05
2024-06-04,Paint,North,Homeowner,39,300.2,0.16,9834.55
2024-06-10,Paint,North,Contractor,18,383.85,0.28,4974.7
2024-01-11,Paint,West,Contractor,23,281.5,0.16,5438.58
2024-01-23,Paint,East,Homeowner,42,16.95,0.03,690.54
2024-03-20,Tools,East,Homeowner,46,81.59,0.28,2702.26
2024-11-14,Garden Supplies,East,Contractor,44,155.96,0.29,4872.19
2024-02-27,Tools,West,Homeowner,26,492.29,0.19,10367.63
2024-07-23,Garden Supplies,North,Contractor,44,169.3,0.2,5959.36
2024-09-19,Garden Supplies,North,Homeowner,23,52.88,0.1,1094.62
2024-01-20,Garden Supplies,West,Homeowner,14,441.61,0.3,4327.78
2024-07-22,Tools,West,Homeowner,10,8.87,0.01,87.81
2024-02-11,Paint,West,Contractor,21,341.04,0.05,6803.75
2024-09-02,Paint,North,Homeowner,8,55.06,0.25,330.36
2024-05-09,Tools,West,Contractor,47,152.86,0.14,6178.6
2024-09-08,Garden Supplies,South,Contractor,11,19.72,0.13,188.72
2024-05-19,Paint,North,Contractor,41,250.68,0.19,8325.08
2024-12-30,Paint,West,Homeowner,3,5.44,0.23,12.57
2024-04-25,Tools,South,Contractor,8,129.67,0.19,840.26
2024-03-24,Tools,West,Contractor,31,264.02,0.23,6302.16
2024-04-15,Paint,North,Homeowner,9,409.56,0.25,2764.53
2024-05-04,Paint,West,Homeowner,25,438.69,0.21,8664.13
2024-06-01,Tools,North,Contractor,4,368.4,0.01,1458.86
2024-05-26,Tools,West,Contractor,27,248.68,0.11,5975.78
2024-04-29,Garden Supplies,West,Homeowner,37,401.46,0.07,13814.24
2024-03-07,Garden Supplies,East,Homeowner,19,492.55,0.16,7861.1
2024-04-15,Paint,South,Contractor,41,445.39,0.19,14791.4
2024-01-10,Tools,West,Homeowner,18,420.43,0.26,5600.13
2024-12-29,Garden Supplies,East,Homeowner,12,160.15,0.3,1345.26
2024-04-27,Paint,South,Homeowner,13,394.56,0.0,5129.28
2024-11-07,Garden Supplies,East,Homeowner,19,407.73,0.2,6197.5
2024-09-03,Paint,South,Contractor,24,255.69,0.06,5768.37
2024-02-01,Tools,North,Contractor,18,15.51,0.08,256.85
2024-05-09,Garden Supplies,East,Homeowner,36,368.68,0.19,10750.71
2024-11-24,Paint,South,Homeowner,39,400.97,0.16,13135.78
2024-09-20,Tools,West,Contractor,2,66.42,0.15,112.91
2024-06-29,Tools,East,Contractor,34,151.24,0.28,3702.36
2024-01-10,Tools,North,Contractor,48,45.37,0.22,1698.65
2024-11-06,Garden Supplies,West,Contractor,31,393.78,0.0,12207.18
2024-03-08,Garden Supplies,West,Contractor,5,127.36,0.2,509.44
2024-12-07,Paint,North,Homeowner,34,258.94,0.14,7571.41
2024-03-25,Tools,North,Contractor,24,218.65,0.1,4722.84
2024-06-12,Garden Supplies,South,Homeowner,24,191.99,0.22,3594.05
2024-02-01,Paint,North,Contractor,29,433.08,0.11,11177.79
2024-07-16,Garden Supplies,East,Contractor,44,314.39,0.07,12864.84
2024-09-27,Tools,West,Contractor,12,195.57,0.11,2088.69
2024-02-08,Garden Supplies,South,Homeowner,30,312.18,0.11,8335.21
2024-06-08,Garden Supplies,North,Contractor,32,62.97,0.15,1712.78
2024-08-23,Paint,East,Contractor,22,26.12,0.07,534.42
2024-02-10,Garden Supplies,South,Homeowner,26,422.78,0.2,8793.82
2024-10-24,Paint,West,Contractor,5,483.46,0.25,1812.98
2024-12-12,Garden Supplies,North,Homeowner,43,368.74,0.29,11257.63
2024-09-07,Tools,East,Contractor,14,17.35,0.08,223.47
2024-10-10,Paint,East,Homeowner,29,346.53,0.06,9446.41
2024-12-26,Tools,East,Contractor,37,233.79,0.02,8477.23
2024-01-08,Tools,North,Homeowner,6,495.01,0.26,2197.84
2024-01-06,Tools,North,Contractor,27,294.34,0.11,7072.99
2024-03-26,Tools,West,Homeowner,33,246.3,0.05,7721.5
2024-10-14,Paint,East,Contractor,8,206.08,0.25,1236.48
2024-07-05,Paint,South,Contractor,5,80.59,0.11,358.63
2024-11-20,Tools,North,Contractor,42,15.67,0.04,631.81
2024-02-27,Garden Supplies,West,Contractor,27,10.2,0.12,242.35
2024-10-15,Garden Supplies,West,Homeowner,14,490.4,0.29,4874.58
2024-12-26,Tools,West,Homeowner,19,194.61,0.02,3623.64
2024-03-08,Paint,North,Homeowner,29,257.62,0.23,5752.65
2024-10-01,Paint,North,Contractor,9,159.73,0.17,1193.18
2024-07-08,Tools,South,Homeowner,20,48.9,0.08,899.76
2024-03-30,Garden Supplies,South,Homeowner,47,130.26,0.21,4836.55
2024-05-17,Paint,West,Homeowner,31,301.97,0.17,7769.69
2024-01-20,Tools,West,Contractor,41,314.46,0.09,11732.5
2024-01-31,Garden Supplies,South,Homeowner,6,185.96,0.18,914.92
2024-07-26,Paint,North,Contractor,37,198.66,0.12,6468.37
2024-08-17,Paint,North,Contractor,37,28.4,0.21,830.13
2024-03-14,Tools,North,Homeowner,44,12.32,0.28,390.3
2024-01-05,Paint,East,Contractor,29,61.48,0.03,1729.43
2024-03-22,Tools,East,Contractor,25,102.58,0.11,2282.41
2024-12-16,Tools,South,Homeowner,47,387.89,0.16,15313.9
2024-02-22,Paint,North,Homeowner,40,364.79,0.01,14445.68
2024-11-21,Paint,North,Contractor,1,202.63,0.28,145.89
2024-12-15,Garden Supplies,South,Contractor,7,72.58,0.29,360.72
2024-06-11,Garden Supplies,East,Homeowner,32,329.35,0.13,9169.1
2024-10-23,Paint,East,Homeowner,22,161.53,0.2,2842.93
2024-04-04,Tools,South,Contractor,31,176.67,0.02,5367.23
2024-05-31,Paint,South,Contractor,23,262.05,0.17,5002.53
2024-05-30,Paint,West,Contractor,3,197.8,0.1,534.06
2024-05-02,Garden Supplies,East,Homeowner,7,54.97,0.17,319.38
2024-10-16,Tools,South,Contractor,3,178.95,0.27,391.9
2024-05-06,Tools,West,Contractor,45,370.83,0.02,16353.6
2024-03-05,Paint,South,Contractor,33,314.94,0.02,10185.16
2024-02-10,Tools,East,Contractor,45,468.28,0.16,17700.98
2024-06-27,Paint,North,Homeowner,48,487.36,0.09,21287.88
2024-06-23,Paint,West,Contractor,31,81.86,0.08,2334.65
2024-04-23,Tools,North,Homeowner,49,361.01,0.13,15389.86
2024-08-29,Paint,South,Contractor,22,345.26,0.06,7139.98
2024-11-14,Paint,East,Contractor,38,258.79,0.07,9145.64
2024-12-04,Paint,South,Homeowner,47,310.18,0.18,11954.34
2024-06-14,Tools,East,Contractor,44,10.65,0.22,365.51
2024-02-27,Garden Supplies,West,Contractor,28,497.56,0.27,10170.13
2024-07-13,Garden Supplies,North,Contractor,6,223.23,0.22,1044.72
2024-03-31,Garden Supplies,West,Contractor,44,462.48,0.22,15872.31
2024-02-22,Paint,North,Contractor,31,382.86,0.27,8664.12
2024-01-19,Garden Supplies,South,Homeowner,9,281.47,0.03,2457.23
2024-06-29,Garden Supplies,East,Contractor,5,394.48,0.2,1577.92
2024-06-17,Garden Supplies,East,Homeowner,38,129.35,0.26,3637.32
2024-05-22,Garden Supplies,South,Contractor,4,327.59,0.14,1126.91
2024-03-16,Paint,East,Homeowner,2,121.43,0.29,172.43
2024-07-20,Paint,East,Homeowner,21,274.69,0.22,4499.42
2024-08-14,Paint,South,Contractor,6,41.84,0.28,180.75
2024-05-05,Garden Supplies,West,Homeowner,20,272.43,0.22,4249.91
2024-08-26,Tools,West,Homeowner,45,303.69,0.17,11342.82
2024-12-21,Garden Supplies,North,Contractor,39,58.58,0.1,2056.16
2024-04-16,Tools,North,Homeowner,13,32.92,0.2,342.37
2024-03-30,Garden Supplies,North,Contractor,31,349.39,0.23,8339.94
2024-12-28,Tools,North,Contractor,34,28.6,0.2,777.92
2024-04-06,Garden Supplies,North,Contractor,17,464.61,0.15,6713.61
2024-11-17,Garden Supplies,South,Homeowner,20,392.57,0.22,6124.09
2024-03-24,Paint,North,Contractor,9,48.81,0.11,390.97
2024-11-29,Paint,North,Homeowner,10,155.71,0.27,1136.68
2024-07-22,Tools,North,Contractor,36,63.55,0.1,2059.02
2024-02-11,Paint,West,Homeowner,49,196.24,0.05,9134.97
2024-04-05,Tools,South,Homeowner,45,249.95,0.15,9560.59
2024-12-31,Tools,West,Homeowner,33,209.23,0.23,5316.53
2024-05-24,Tools,North,Contractor,5,463.67,0.27,1692.4
2024-08-30,Tools,West,Homeowner,36,232.19,0.3,5851.19
2024-10-02,Paint,South,Contractor,48,39.72,0.28,1372.72
2024-08-05,Tools,West,Contractor,4,145.67,0.23,448.66
2024-09-07,Tools,East,Contractor,4,291.76,0.21,921.96
2024-07-11,Garden Supplies,East,Contractor,8,202.34,0.22,1262.6
2024-06-09,Paint,South,Homeowner,11,159.42,0.28,1262.61
2024-09-04,Paint,West,Homeowner,31,86.42,0.23,2062.85
2024-01-03,Paint,East,Homeowner,5,352.19,0.24,1338.32
2024-03-22,Tools,South,Contractor,35,142.19,0.22,3881.79
2024-06-01,Tools,West,Homeowner,19,379.24,0.04,6917.34
2024-04-29,Garden Supplies,West,Homeowner,33,212.75,0.14,6037.84
2024-09-15,Tools,East,Contractor,35,29.54,0.25,775.42
2024-01-14,Garden Supplies,North,Homeowner,23,495.43,0.13,9913.55
2024-09-25,Tools,North,Contractor,36,74.31,0.05,2541.4
2024-06-15,Tools,West,Homeowner,37,474.76,0.23,13525.91
2024-02-03,Tools,South,Homeowner,26,142.01,0.17,3064.58
2024-03-18,Paint,South,Contractor,19,89.77,0.17,1415.67
2024-03-11,Paint,South,Contractor,5,403.49,0.26,1492.91
2024-02-19,Garden Supplies,East,Homeowner,41,284.53,0.12,10265.84
2024-10-10,Tools,South,Homeowner,31,230.89,0.04,6871.29
2024-04-06,Garden Supplies,South,Homeowner,34,462.72,0.2,12585.98
2024-04-30,Tools,South,Contractor,30,443.24,0.15,11302.62
2024-12-28,Tools,East,Contractor,23,261.85,0.23,4637.36
2024-06-27,Tools,North,Contractor,15,488.18,0.16,6151.07
2024-04-20,Garden Supplies,North,Homeowner,25,478.37,0.18,9806.59
2024-05-12,Tools,North,Homeowner,4,347.86,0.01,1377.53
2024-08-21,Paint,North,Homeowner,32,416.07,0.16,11183.96
2024-04-30,Paint,South,Homeowner,15,341.55,0.22,3996.14
2024-08-06,Tools,East,Contractor,35,281.2,0.25,7381.5
2024-01-16,Paint,South,Homeowner,28,323.21,0.14,7782.9
2024-03-27,Tools,East,Contractor,20,289.73,0.19,4693.63
2024-06-25,Paint,East,Contractor,44,173.62,0.1,6875.35
2024-03-06,Paint,West,Contractor,20,41.08,0.19,665.5
2024-07-30,Tools,North,Homeowner,29,474.06,0.01,13610.26
2024-05-16,Tools,East,Homeowner,29,398.82,0.18,9483.94
2024-08-14,Tools,South,Contractor,42,365.15,0.08,14109.4
2024-01-06,Garden Supplies,North,Homeowner,28,332.59,0.28,6705.01
2024-08-25,Tools,East,Contractor,36,429.49,0.04,14843.17
2024-10-19,Tools,East,Contractor,2,202.69,0.06,381.06
2024-02-05,Garden Supplies,West,Homeowner,38,289.94,0.15,9365.06
2024-03-04,Paint,West,Homeowner,15,113.89,0.04,1640.02
2024-11-12,Paint,North,Contractor,40,140.61,0.27,4105.81
2024-09-07,Garden Supplies,West,Contractor,19,252.5,0.01,4749.52
2024-02-12,Garden Supplies,West,Homeowner,8,157.26,0.13,1094.53
2024-05-02,Paint,North,Contractor,36,90.82,0.06,3073.35
2024-04-14,Paint,South,Contractor,15,215.82,0.26,2395.6
2024-02-07,Tools,North,Contractor,22,373.88,0.27,6004.51
2024-11-20,Tools,East,Contractor,21,5.58,0.1,105.46
2024-05-17,Paint,East,Contractor,29,299.28,0.08,7984.79
2024-08-03,Paint,West,Contractor,27,412.4,0.21,8796.49
2024-04-28,Paint,East,Homeowner,10,359.49,0.1,3235.41
2024-04-23,Paint,West,Homeowner,6,180.75,0.19,878.44
2024-05-06,Tools,South,Homeowner,9,368.83,0.25,2489.6
2024-09-06,Garden Supplies,East,Homeowner,27,364.01,0.14,8452.31
2024-04-14,Garden Supplies,North,Homeowner,18,193.55,0.29,2473.57
2024-01-21,Paint,East,Contractor,16,68.1,0.17,904.37
2024-03-30,Tools,South,Contractor,31,200.51,0.26,4599.7
2024-12-24,Tools,North,Contractor,25,98.56,0.17,2045.12
2024-07-16,Paint,West,Homeowner,49,161.49,0.12,6963.45
2024-09-13,Paint,West,Homeowner,46,336.45,0.06,14548.1
2024-06-03,Paint,West,Homeowner,6,322.06,0.0,1932.36
2024-08-18,Tools,West,Contractor,48,481.82,0.2,18501.89
2024-06-09,Garden Supplies,East,Contractor,44,335.23,0.08,13570.11
2024-11-02,Tools,South,Contractor,4,485.56,0.27,1417.84
2024-05-17,Tools,East,Contractor,29,143.83,0.17,3461.99
2024-11-09,Garden Supplies,West,Homeowner,21,229.68,0.04,4630.35
2024-06-05,Garden Supplies,East,Homeowner,26,48.27,0.23,966.37
2024-07-29,Tools,North,Homeowner,32,234.81,0.13,6537.11
2024-11-13,Paint,West,Contractor,33,401.85,0.01,13128.44
2024-07-24,Paint,West,Contractor,10,341.52,0.18,2800.46
2024-06-30,Paint,South,Contractor,9,17.2,0.12,136.22
2024-04-09,Tools,East,Homeowner,8,98.81,0.09,719.34
2024-01-07,Garden Supplies,North,Contractor,26,108.58,0.13,2456.08
2024-10-06,Paint,South,Contractor,20,323.99,0.18,5313.44
2024-07-10,Garden Supplies,North,Homeowner,48,355.32,0.26,12620.97
2024-09-16,Paint,South,Homeowner,14,51.91,0.23,559.59
2024-01-10,Garden Supplies,West,Homeowner,18,262.8,0.26,3500.5
2024-12-27,Tools,North,Homeowner,45,141.55,0.1,5732.78
2024-01-17,Tools,North,Homeowner,49,228.87,0.3,7850.24
2024-10-09,Garden Supplies,South,Contractor,19,310.73,0.08,5431.56
2024-08-18,Paint,South,Contractor,4,153.74,0.04,590.36
2024-03-30,Tools,South,Contractor,1,390.67,0.09,355.51
2024-12-17,Garden Supplies,East,Homeowner,39,41.12,0.17,1331.05
2024-01-06,Garden Supplies,East,Homeowner,26,328.51,0.27,6235.12
2024-03-18,Tools,North,Homeowner,14,431.5,0.08,5557.72
2024-12-22,Tools,West,Homeowner,17,263.83,0.24,3408.68
2024-08-19,Paint,West,Homeowner,16,475.45,0.01,7531.13
2024-05-15,Garden Supplies,East,Homeowner,47,160.31,0.11,6705.77
2024-06-11,Paint,South,Homeowner,34,251.2,0.12,7515.9
2024-05-08,Tools,South,Homeowner,50,5.23,0.14,224.89
2024-06-28,Garden Supplies,North,Contractor,22,164.73,0.03,3515.34
2024-01-16,Tools,North,Homeowner,42,263.18,0.29,7848.03
2024-06-11,Tools,South,Homeowner,50,140.0,0.14,6020.0
2024-03-25,Garden Supplies,South,Contractor,46,339.87,0.29,11100.15
2024-12-25,Garden Supplies,East,Contractor,33,289.21,0.2,7635.14
2024-03-18,Garden Supplies,South,Contractor,38,206.78,0.0,7857.64
2024-11-24,Tools,South,Homeowner,41,326.03,0.12,11763.16
2024-01-03,Garden Supplies,North,Homeowner,26,278.43,0.06,6804.83
2024-02-11,Tools,North,Homeowner,17,304.18,0.02,5067.64
2024-02-24,Tools,East,Homeowner,40,124.15,0.19,4022.46
2024-02-26,Paint,South,Contractor,37,485.65,0.26,13297.1
2024-10-26,Garden Supplies,South,Homeowner,15,92.27,0.16,1162.6
2024-04-04,Paint,West,Homeowner,13,347.1,0.06,4241.56
2024-10-01,Garden Supplies,South,Contractor,29,439.51,0.06,11981.04
2024-05-02,Garden Supplies,North,Contractor,5,92.32,0.13,401.59
2024-02-16,Tools,North,Contractor,12,50.51,0.06,569.75
2024-11-19,Paint,South,Contractor,32,301.87,0.2,7727.87
2024-09-02,Garden Supplies,East,Homeowner,49,34.87,0.29,1213.13
2024-12-13,Garden Supplies,West,Contractor,14,19.63,0.07,255.58
2024-04-29,Tools,East,Homeowner,44,356.35,0.15,13327.49
2024-03-15,Tools,West,Contractor,31,441.48,0.29,9716.97
2024-10-09,Tools,North,Contractor,29,335.26,0.13,8458.61
2024-04-15,Garden Supplies,East,Contractor,41,315.84,0.19,10489.05
2024-12-02,Tools,East,Homeowner,44,246.35,0.02,10622.61
2024-10-27,Tools,East,Homeowner,17,325.0,0.3,3867.5
2024-11-30,Tools,South,Contractor,2,445.24,0.23,685.67
2024-04-21,Tools,North,Contractor,31,149.09,0.24,3512.56
2024-10-03,Paint,West,Contractor,10,300.84,0.07,2797.81
2024-02-08,Garden Supplies,West,Contractor,33,422.18,0.23,10727.59
2024-12-23,Paint,North,Homeowner,28,61.45,0.08,1582.95
2024-11-12,Garden Supplies,West,Homeowner,44,220.24,0.16,8140.07
2024-02-26,Garden Supplies,East,Homeowner,44,20.42,0.04,862.54
2024-03-28,Garden Supplies,West,Homeowner,4,89.49,0.2,286.37
2024-06-30,Garden Supplies,West,Contractor,48,42.36,0.12,1789.29
2024-04-05,Paint,South,Contractor,49,471.6,0.23,17793.47
2024-02-01,Paint,East,Homeowner,23,326.94,0.12,6617.27
2024-05-26,Tools,South,Contractor,42,299.63,0.27,9186.66
2024-07-16,Tools,East,Homeowner,20,445.51,0.28,6415.34
2024-09-09,Paint,South,Contractor,10,86.77,0.19,702.84
2024-06-18,Paint,East,Contractor,33,436.84,0.09,13118.31
2024-02-19,Paint,East,Contractor,37,229.18,0.19,6868.52
2024-09-20,Tools,North,Homeowner,7,9.16,0.04,61.56
2024-01-04,Paint,North,Homeowner,8,96.79,0.11,689.14
2024-04-09,Garden Supplies,East,Contractor,5,138.14,0.2,552.56
2024-04-25,Garden Supplies,South,Homeowner,44,72.39,0.21,2516.28
2024-05-24,Tools,East,Homeowner,10,196.9,0.19,1594.89
2024-07-01,Tools,South,Contractor,1,437.23,0.1,393.51
2024-08-30,Paint,West,Contractor,21,223.39,0.07,4362.81
2024-05-16,Garden Supplies,East,Homeowner,46,79.97,0.08,3384.33
2024-03-28,Garden Supplies,South,Homeowner,30,476.1,0.09,12997.53
2024-05-19,Paint,East,Homeowner,24,72.19,0.01,1715.23
2024-12-28,Tools,North,Contractor,26,389.18,0.08,9309.19
2024-07-01,Garden Supplies,West,Homeowner,18,228.46,0.23,3166.46
2024-10-10,Garden Supplies,North,Contractor,36,55.05,0.22,1545.8
2024-10-20,Garden Supplies,North,Contractor,4,360.66,0.21,1139.69
2024-12-23,Paint,West,Contractor,6,39.66,0.08,218.92
2024-02-16,Paint,East,Homeowner,50,166.0,0.04,7968.0
2024-05-04,Paint,North,Homeowner,37,495.74,0.15,15591.02
2024-08-19,Garden Supplies,East,Homeowner,40,45.26,0.24,1375.9
2024-03-31,Paint,North,Contractor,18,404.02,0.08,6690.57
2024-07-08,Paint,South,Contractor,39,287.02,0.2,8955.02
2024-02-10,Garden Supplies,East,Homeowner,36,366.52,0.11,11743.3
2024-07-03,Tools,North,Contractor,35,346.48,0.13,10550.32
2024-11-18,Garden Supplies,East,Contractor,16,301.26,0.08,4434.55
2024-08-18,Tools,East,Homeowner,14,252.09,0.05,3352.8
2024-03-08,Garden Supplies,North,Homeowner,11,269.55,0.15,2520.29
2024-01-18,Tools,South,Contractor,42,499.49,0.19,16992.65
2024-12-20,Tools,East,Contractor,36,84.38,0.08,2794.67
2024-08-08,Garden Supplies,North,Contractor,40,492.66,0.28,14188.61
2024-02-05,Tools,West,Homeowner,15,213.09,0.09,2908.68
2024-08-02,Paint,East,Homeowner,39,37.33,0.28,1048.23
2024-02-17,Tools,West,Contractor,35,368.37,0.05,12248.3
2024-08-30,Garden Supplies,East,Homeowner,22,374.28,0.11,7328.4
2024-11-18,Tools,South,Homeowner,15,469.38,0.06,6618.26
2024-04-17,Garden Supplies,West,Contractor,36,153.16,0.05,5238.07
2024-03-11,Garden Supplies,East,Homeowner,28,114.24,0.24,2431.03
2024-01-26,Paint,East,Homeowner,19,158.39,0.27,2196.87
2024-07-10,Garden Supplies,West,Homeowner,18,51.32,0.12,812.91
2024-02-25,Tools,East,Contractor,15,199.85,0.09,2727.95
2024-12-04,Tools,South,Contractor,35,429.45,0.28,10822.14
2024-04-05,Tools,East,Homeowner,4,304.81,0.26,902.24
2024-04-01,Paint,North,Contractor,22,109.1,0.24,1824.15
2024-08-30,Tools,West,Contractor,50,166.52,0.19,6744.06
2024-12-18,Tools,West,Contractor,37,331.05,0.02,12003.87
2024-10-20,Garden Supplies,East,Homeowner,25,473.23,0.11,10529.37
2024-10-10,Tools,East,Homeowner,40,101.94,0.21,3221.3
2024-01-08,Garden Supplies,South,Contractor,49,175.78,0.29,6115.39
2024-04-03,Tools,North,Homeowner,39,434.14,0.02,16592.83
2024-11-17,Paint,South,Contractor,39,251.24,0.08,9014.49
2024-12-06,Paint,South,Homeowner,46,49.22,0.1,2037.71
2024-10-22,Tools,East,Contractor,22,339.97,0.26,5534.71
2024-05-18,Tools,East,Homeowner,13,379.67,0.04,4738.28
2024-12-16,Paint,West,Homeowner,9,217.76,0.3,1371.89
2024-11-29,Paint,South,Contractor,42,320.95,0.03,13075.5
2024-08-14,Paint,West,Contractor,41,161.19,0.12,5815.74
2024-07-14,Paint,West,Contractor,24,395.79,0.12,8359.08
2024-09-03,Paint,South,Homeowner,8,139.51,0.06,1049.12
2024-01-11,Garden Supplies,North,Contractor,37,7.56,0.26,206.99
2024-01-10,Paint,North,Homeowner,2,231.51,0.08,425.98
2024-08-24,Garden Supplies,North,Contractor,40,446.02,0.03,17305.58
2024-02-18,Paint,South,Contractor,9,418.48,0.17,3126.05
2024-01-19,Garden Supplies,East,Contractor,21,463.43,0.13,8466.87
2024-09-08,Paint,West,Homeowner,2,135.44,0.12,238.37
2024-04-12,Garden Supplies,West,Homeowner,5,193.9,0.25,727.12
2024-10-23,Garden Supplies,West,Contractor,4,202.26,0.09,736.23
2024-05-29,Garden Supplies,East,Homeowner,18,372.0,0.29,4754.16
2024-03-31,Garden Supplies,North,Contractor,22,167.54,0.22,2874.99
2024-09-18,Tools,East,Contractor,43,141.1,0.29,4307.78
2024-11-04,Paint,North,Contractor,15,488.48,0.03,7107.38
2024-02-15,Tools,North,Contractor,17,156.35,0.15,2259.26
2024-02-09,Tools,West,Homeowner,49,310.46,0.05,14451.91
2024-09-03,Garden Supplies,South,Homeowner,39,494.65,0.05,18326.78
2024-01-27,Paint,South,Contractor,5,467.68,0.13,2034.41
2024-02-29,Tools,North,Contractor,26,216.39,0.27,4107.08
2024-06-10,Paint,East,Homeowner,44,148.78,0.16,5498.91
2024-09-13,Paint,South,Homeowner,41,421.92,0.11,15395.86
2024-08-31,Garden Supplies,South,Homeowner,10,75.1,0.3,525.7
2024-09-13,Paint,East,Contractor,49,129.88,0.28,4582.17
2024-01-19,Garden Supplies,West,Homeowner,31,155.48,0.16,4048.7
2024-12-10,Garden Supplies,East,Contractor,9,342.16,0.12,2709.91
2024-02-25,Garden Supplies,South,Homeowner,18,380.68,0.08,6304.06
2024-04-05,Garden Supplies,East,Homeowner,42,187.8,0.05,7493.22
2024-10-19,Tools,South,Contractor,37,419.3,0.14,13342.13
2024-01-04,Tools,East,Contractor,45,245.65,0.2,8843.4
2024-04-03,Tools,North,Homeowner,29,179.57,0.07,4843.0
2024-11-22,Garden Supplies,South,Contractor,47,482.5,0.14,19502.65
2024-07-02,Tools,South,Homeowner,16,428.96,0.16,5765.22
2024-09-16,Tools,South,Homeowner,29,296.36,0.2,6875.55
2024-01-25,Garden Supplies,North,Homeowner,24,204.85,0.18,4031.45
2024-01-29,Garden Supplies,North,Contractor,49,430.6,0.1,18989.46
2024-03-01,Paint,East,Homeowner,13,395.5,0.14,4421.69
2024-12-05,Garden Supplies,South,Contractor,3,186.66,0.19,453.58
2024-03-21,Garden Supplies,East,Homeowner,17,157.5,0.1,2409.75
2024-02-21,Garden Supplies,North,Homeowner,21,323.05,0.02,6648.37
2024-09-27,Paint,South,Contractor,9,57.35,0.03,500.67
2024-09-02,Paint,North,Homeowner,39,446.83,0.02,17077.84
2024-06-03,Tools,East,Contractor,3,114.75,0.26,254.74
2024-04-15,Tools,South,Contractor,24,262.45,0.02,6172.82
2024-09-21,Paint,North,Contractor,33,199.52,0.14,5662.38
2024-12-31,Garden Supplies,East,Homeowner,1,425.93,0.07,396.11
2024-02-02,Tools,South,Homeowner,1,402.64,0.23,310.03
2024-06-10,Paint,West,Homeowner,50,292.79,0.02,14346.71
2024-07-23,Tools,North,Homeowner,50,452.74,0.02,22184.26
2024-04-02,Garden Supplies,South,Homeowner,3,128.44,0.05,366.05
2024-08-01,Tools,West,Homeowner,17,243.91,0.15,3524.5
2024-07-18,Tools,East,Homeowner,24,240.79,0.06,5432.22
2024-12-04,Paint,East,Contractor,4,305.32,0.03,1184.64
2024-09-10,Garden Supplies,South,Homeowner,31,167.53,0.19,4206.68
2024-08-12,Tools,East,Contractor,23,482.53,0.29,7879.71
2024-02-06,Paint,East,Homeowner,39,319.69,0.01,12343.23
2024-01-25,Garden Supplies,East,Homeowner,27,100.66,0.03,2636.29
2024-08-27,Paint,South,Homeowner,36,251.74,0.28,6525.1
2024-11-08,Tools,East,Contractor,6,376.86,0.26,1673.26
2024-09-25,Garden Supplies,East,Contractor,32,187.5,0.04,5760.0
2024-02-02,Paint,South,Contractor,12,399.33,0.16,4025.25
2024-01-14,Paint,North,Homeowner,45,189.32,0.29,6048.77
2024-08-18,Tools,North,Homeowner,32,362.48,0.13,10091.44
2024-07-04,Garden Supplies,North,Contractor,7,209.23,0.24,1113.1
2024-03-25,Paint,East,Contractor,37,403.29,0.27,10892.86
2024-12-10,Garden Supplies,West,Homeowner,49,198.47,0.2,7780.02
2024-02-27,Garden Supplies,North,Contractor,36,288.15,0.21,8194.99
2024-03-25,Garden Supplies,North,Contractor,47,42.44,0.17,1655.58
2024-04-15,Paint,North,Contractor,3,148.8,0.07,415.15
2024-08-08,Paint,South,Homeowner,23,303.76,0.02,6846.75
2024-12-18,Garden Supplies,North,Homeowner,28,67.62,0.27,1382.15
2024-02-17,Garden Supplies,South,Homeowner,6,285.22,0.26,1266.38
2024-06-11,Garden Supplies,East,Homeowner,50,408.66,0.21,16142.07
2024-07-20,Garden Supplies,South,Homeowner,43,402.05,0.09,15732.22
2024-05-29,Tools,South,Homeowner,31,276.78,0.02,8408.58
2024-07-11,Garden Supplies,East,Homeowner,39,180.9,0.13,6137.94
2024-05-06,Tools,West,Contractor,21,500.0,0.08,9660.0
2024-04-11,Tools,South,Contractor,24,417.54,0.2,8016.77
2024-11-21,Paint,East,Homeowner,14,333.94,0.24,3553.12
2024-09-15,Paint,East,Homeowner,19,352.11,0.25,5017.57
2024-10-12,Garden Supplies,West,Homeowner,9,284.48,0.04,2457.91
2024-04-13,Garden Supplies,East,Homeowner,15,140.6,0.18,1729.38
2024-07-30,Paint,West,Homeowner,39,454.47,0.29,12584.27
2024-12-31,Paint,East,Contractor,11,36.15,0.11,353.91
2024-09-17,Tools,East,Homeowner,24,275.73,0.18,5426.37
2024-09-17,Tools,East,Contractor,14,215.11,0.12,2650.16
2024-09-28,Garden Supplies,North,Homeowner,8,452.54,0.07,3366.9
2024-05-01,Garden Supplies,West,Homeowner,17,396.01,0.26,4981.81
2024-02-03,Garden Supplies,North,Contractor,49,182.29,0.13,7771.02
2024-11-17,Garden Supplies,South,Homeowner,35,316.32,0.2,8856.96
2024-07-27,Garden Supplies,North,Homeowner,25,288.79,0.1,6497.78
2024-03-17,Garden Supplies,North,Contractor,31,477.29,0.18,12132.71
2024-05-03,Garden Supplies,West,Homeowner,30,467.0,0.06,13169.4
2024-01-07,Tools,South,Contractor,18,422.97,0.18,6243.04
2024-06-30,Tools,East,Homeowner,25,255.49,0.03,6195.63
2024-05-25,Paint,West,Homeowner,17,6.2,0.02,103.29
2024-10-19,Tools,South,Contractor,8,191.6,0.27,1118.94
2024-08-29,Tools,West,Homeowner,45,473.93,0.02,20900.31
2024-04-20,Tools,West,Contractor,1,443.43,0.01,439.0
2024-10-02,Garden Supplies,East,Contractor,42,272.11,0.0,11428.62
2024-09-30,Tools,South,Contractor,12,132.24,0.09,1444.06
2024-08-06,Garden Supplies,East,Contractor,43,252.49,0.11,9662.79
2024-06-29,Garden Supplies,South,Homeowner,5,273.79,0.12,1204.68
2024-02-13,Paint,West,Contractor,11,209.36,0.02,2256.9
2024-07-05,Tools,North,Contractor,27,421.62,0.26,8423.97
2024-06-24,Tools,North,Contractor,35,79.42,0.21,2195.96
2024-04-12,Tools,South,Homeowner,29,395.83,0.14,9872.0
2024-08-17,Paint,East,Contractor,41,91.18,0.02,3663.61
2024-03-14,Garden Supplies,West,Contractor,21,83.78,0.04,1689.0
2024-03-17,Tools,West,Contractor,39,337.03,0.14,11303.99
2024-04-19,Paint,North,Homeowner,38,455.34,0.28,12458.1
2024-01-27,Paint,West,Homeowner,9,436.39,0.08,3613.31
2024-06-28,Paint,West,Homeowner,19,436.72,0.22,6472.19
2024-10-11,Paint,North,Contractor,24,498.02,0.16,10040.08
2024-11-22,Garden Supplies,East,Contractor,34,277.66,0.2,7552.35
2024-06-17,Paint,East,Contractor,7,108.41,0.14,652.63
2024-06-05,Garden Supplies,East,Homeowner,44,372.26,0.23,12612.17
2024-09-18,Paint,West,Contractor,42,16.53,0.12,610.95
2024-04-15,Paint,East,Homeowner,22,456.48,0.12,8837.45
2024-11-05,Tools,South,Homeowner,15,196.04,0.21,2323.07
2024-07-31,Tools,North,Contractor,27,279.52,0.29,5358.4
2024-07-28,Tools,West,Homeowner,41,208.47,0.08,7863.49
2024-11-06,Garden Supplies,East,Homeowner,34,68.51,0.24,1770.3
2024-08-12,Paint,North,Homeowner,7,157.8,0.18,905.77
2024-08-17,Paint,West,Homeowner,6,187.63,0.01,1114.52
2024-11-19,Tools,East,Homeowner,34,455.95,0.03,15037.23
2024-03-27,Paint,East,Homeowner,50,168.22,0.27,6140.03
2024-11-12,Tools,North,Contractor,13,375.15,0.18,3999.1
2024-08-18,Tools,West,Homeowner,43,133.75,0.28,4140.9
2024-07-26,Tools,North,Homeowner,3,458.31,0.05,1306.18
2024-04-16,Tools,North,Homeowner,29,19.81,0.07,534.28
2024-05-11,Garden Supplies,North,Contractor,1,167.29,0.13,145.54
2024-05-05,Paint,West,Homeowner,7,261.44,0.09,1665.37
2024-11-24,Garden Supplies,North,Homeowner,27,440.02,0.17,9860.85
2024-08-27,Garden Supplies,South,Contractor,41,193.95,0.24,6043.48
2024-03-14,Garden Supplies,South,Contractor,14,146.88,0.03,1994.63
2024-10-02,Tools,South,Homeowner,6,160.01,0.07,892.86
2024-06-08,Garden Supplies,East,Contractor,3,355.81,0.18,875.29
2024-05-24,Paint,East,Contractor,35,405.2,0.09,12905.62
2024-05-05,Tools,North,Contractor,36,144.44,0.04,4991.85
2024-08-24,Paint,North,Contractor,29,162.7,0.2,3774.64
2024-09-23,Paint,South,Contractor,46,402.09,0.3,12947.3
2024-07-06,Tools,South,Contractor,8,413.25,0.15,2810.1
2024-09-21,Paint,East,Contractor,11,343.68,0.21,2986.58
2024-09-06,Tools,South,Homeowner,28,105.48,0.21,2333.22
2024-06-06,Paint,West,Contractor,37,55.63,0.18,1687.81
2024-11-09,Paint,North,Homeowner,5,58.18,0.04,279.26
2024-07-04,Tools,South,Homeowner,18,78.02,0.03,1362.23
2024-10-03,Tools,West,Homeowner,35,74.98,0.13,2283.14
2024-04-17,Tools,North,Homeowner,24,196.7,0.26,3493.39
2024-01-10,Paint,East,Homeowner,43,255.4,0.17,9115.23
2024-04-05,Tools,North,Contractor,37,123.23,0.29,3237.25
2024-07-02,Tools,South,Contractor,10,398.05,0.07,3701.86
2024-07-27,Paint,West,Contractor,6,17.34,0.17,86.35
2024-08-03,Garden Supplies,South,Contractor,18,345.11,0.13,5404.42
2024-11-03,Garden Supplies,East,Contractor,21,15.01,0.01,312.06
2024-01-13,Paint,East,Contractor,44,119.18,0.0,5243.92
2024-02-19,Paint,East,Contractor,46,177.84,0.03,7935.22
2024-08-05,Paint,East,Contractor,49,430.79,0.28,15198.27
2024-10-03,Paint,South,Contractor,17,269.61,0.29,3254.19
2024-09-16,Tools,East,Homeowner,50,297.6,0.15,12648.0
2024-07-23,Garden Supplies,East,Contractor,13,365.79,0.02,4660.16
2024-04-16,Paint,North,Homeowner,8,208.67,0.27,1218.63
2024-03-07,Tools,North,Homeowner,1,191.98,0.12,168.94
2024-05-04,Tools,East,Contractor,30,159.22,0.21,3773.51
2024-06-20,Garden Supplies,East,Homeowner,46,215.04,0.23,7616.72
2024-03-31,Paint,South,Contractor,35,194.87,0.2,5456.36
2024-11-05,Garden Supplies,West,Contractor,13,128.57,0.09,1520.98
2024-07-16,Paint,South,Contractor,39,429.94,0.02,16432.31
2024-10-02,Garden Supplies,West,Contractor,24,424.33,0.03,9878.4
2024-12-17,Garden Supplies,North,Contractor,35,211.59,0.01,7331.59
2024-02-21,Tools,North,Contractor,37,155.15,0.09,5223.9
2024-10-06,Garden Supplies,South,Contractor,24,350.43,0.22,6560.05
2024-12-20,Paint,North,Contractor,5,318.2,0.29,1129.61
2024-12-03,Tools,West,Homeowner,31,379.99,0.22,9188.16
2024-10-02,Garden Supplies,North,Contractor,5,267.38,0.26,989.31
2024-06-19,Garden Supplies,South,Homeowner,31,303.67,0.15,8001.7
2024-08-06,Paint,West,Homeowner,18,433.0,0.29,5533.74
2024-11-03,Paint,West,Contractor,24,44.13,0.18,868.48
2024-09-13,Tools,North,Contractor,48,22.82,0.03,1062.5
2024-06-18,Paint,North,Contractor,2,97.75,0.28,140.76
2024-01-24,Garden Supplies,North,Homeowner,36,441.27,0.1,14297.15
2024-03-03,Garden Supplies,East,Contractor,38,54.64,0.13,1806.4
2024-02-26,Paint,North,Homeowner,25,181.17,0.17,3759.28
2024-05-20,Tools,West,Homeowner,34,401.57,0.13,11878.44
2024-10-14,Tools,North,Contractor,22,206.64,0.01,4500.62
2024-05-01,Tools,West,Contractor,17,482.71,0.26,6072.49
2024-11-21,Garden Supplies,West,Homeowner,23,198.05,0.26,3370.81
2024-04-01,Tools,South,Homeowner,27,404.49,0.21,8627.77
2024-12-09,Paint,North,Contractor,24,381.12,0.13,7957.79
2024-12-19,Paint,North,Homeowner,34,217.98,0.29,5262.04
2024-04-02,Garden Supplies,North,Contractor,22,185.51,0.16,3428.22
2024-04-14,Tools,East,Homeowner,10,449.5,0.3,3146.5
2024-03-11,Garden Supplies,South,Contractor,36,353.5,0.1,11453.4
2024-07-14,Tools,North,Contractor,39,338.94,0.19,10707.11
2024-03-27,Paint,North,Homeowner,6,306.66,0.06,1729.56
2024-12-12,Tools,South,Contractor,9,199.02,0.07,1665.8
2024-06-25,Tools,East,Homeowner,11,128.52,0.01,1399.58
2024-08-24,Garden Supplies,North,Contractor,42,496.36,0.21,16469.22
2024-11-05,Paint,South,Contractor,27,111.63,0.05,2863.31
2024-05-15,Paint,West,Contractor,15,160.31,0.03,2332.51
2024-09-27,Garden Supplies,South,Contractor,16,239.72,0.0,3835.52
2024-04-09,Tools,East,Contractor,34,30.88,0.1,944.93
2024-10-01,Tools,East,Contractor,44,363.35,0.09,14548.53
2024-11-26,Tools,East,Homeowner,45,204.0,0.19,7435.8
2024-03-15,Paint,West,Contractor,29,477.77,0.05,13162.56
2024-05-14,Paint,East,Homeowner,20,469.97,0.04,9023.42
2024-11-20,Garden Supplies,East,Contractor,22,368.52,0.02,7945.29
2024-10-16,Garden Supplies,West,Contractor,13,451.34,0.16,4928.63
2024-09-19,Garden Supplies,South,Contractor,15,11.36,0.28,122.69
2024-10-05,Garden Supplies,East,Homeowner,2,110.26,0.1,198.47
2024-04-10,Garden Supplies,East,Contractor,34,41.39,0.1,1266.53
2024-09-06,Garden Supplies,East,Homeowner,13,165.07,0.25,1609.43
2024-04-17,Tools,East,Homeowner,25,377.06,0.26,6975.61
2024-12-17,Tools,South,Homeowner,19,289.31,0.15,4672.36
2024-08-06,Paint,East,Contractor,40,178.11,0.27,5200.81
2024-03-08,Tools,East,Contractor,33,490.73,0.27,11821.69
2024-01-15,Tools,West,Homeowner,1,432.23,0.19,350.11
2024-09-26,Paint,North,Contractor,7,296.0,0.1,1864.8
2024-03-24,Paint,North,Contractor,46,67.4,0.22,2418.31
2024-12-03,Tools,South,Contractor,6,218.0,0.17,1085.64
2024-11-29,Paint,North,Contractor,23,86.57,0.12,1752.18
2024-09-11,Garden Supplies,North,Homeowner,27,208.04,0.16,4718.35
2024-05-27,Paint,South,Contractor,20,417.2,0.1,7509.6
2024-07-16,Tools,West,Homeowner,48,333.91,0.05,15226.3
2024-03-20,Paint,East,Contractor,34,492.24,0.27,12217.4
2024-02-14,Tools,East,Homeowner,13,390.23,0.18,4159.85
2024-11-04,Paint,East,Homeowner,3,110.94,0.09,302.87
2024-03-06,Garden Supplies,South,Homeowner,3,334.62,0.29,712.74
2024-09-24,Tools,East,Homeowner,38,357.06,0.18,11125.99
2024-09-24,Garden Supplies,North,Contractor,14,169.82,0.01,2353.71
2024-06-10,Tools,South,Homeowner,8,405.4,0.24,2464.83
2024-06-03,Tools,West,Contractor,23,186.25,0.03,4155.24
2024-05-19,Garden Supplies,East,Homeowner,12,182.33,0.18,1794.13
2024-10-12,Tools,North,Contractor,25,385.9,0.22,7525.05
2024-12-27,Paint,East,Homeowner,12,459.59,0.04,5294.48
2024-12-13,Tools,East,Homeowner,50,494.38,0.1,22247.1
2024-12-07,Garden Supplies,South,Contractor,10,411.13,0.27,3001.25
2024-03-08,Garden Supplies,South,Contractor,49,359.34,0.13,15318.66
2024-10-04,Paint,West,Homeowner,50,147.41,0.21,5822.7
2024-08-16,Garden Supplies,South,Homeowner,8,158.67,0.19,1028.18
2024-03-20,Tools,West,Contractor,25,149.4,0.05,3548.25
2024-12-15,Garden Supplies,East,Homeowner,37,122.81,0.16,3816.93
2024-06-19,Garden Supplies,North,Homeowner,14,96.63,0.26,1001.09
2024-08-30,Tools,West,Homeowner,25,269.76,0.2,5395.2
2024-07-01,Tools,South,Contractor,21,166.87,0.21,2768.37
2024-01-10,Tools,West,Homeowner,26,13.64,0.04,340.45
2024-04-28,Garden Supplies,North,Homeowner,40,38.08,0.07,1416.58
2024-06-08,Tools,North,Contractor,6,336.09,0.17,1673.73
2024-07-27,Garden Supplies,East,Contractor,26,221.09,0.23,4426.22
2024-04-30,Tools,North,Homeowner,30,95.85,0.16,2415.42
2024-03-27,Paint,South,Contractor,25,412.01,0.19,8343.2
2024-05-09,Garden Supplies,West,Homeowner,45,481.21,0.3,15158.12
2024-12-25,Paint,South,Homeowner,12,285.66,0.02,3359.36
2024-08-04,Paint,West,Contractor,47,208.67,0.14,8434.44
2024-12-19,Paint,North,Homeowner,37,265.72,0.19,7963.63
2024-04-04,Paint,East,Homeowner,45,263.56,0.08,10911.38
2024-07-01,Paint,North,Contractor,1,31.8,0.24,24.17
2024-08-03,Garden Supplies,North,Contractor,23,459.16,0.07,9821.43
2024-01-06,Paint,East,Homeowner,8,98.35,0.16,660.91
2024-06-18,Paint,South,Homeowner,23,36.78,0.08,778.26
2024-06-01,Tools,East,Homeowner,18,435.14,0.18,6422.67
2024-08-08,Tools,South,Homeowner,29,154.38,0.06,4208.4
2024-03-02,Tools,North,Homeowner,31,153.34,0.25,3565.16
2024-11-23,Tools,North,Homeowner,47,315.19,0.23,11406.73
2024-08-06,Garden Supplies,East,Homeowner,11,237.29,0.14,2244.76
2024-01-08,Paint,East,Homeowner,34,195.36,0.23,5114.52
2024-01-31,Paint,West,Homeowner,15,116.11,0.16,1462.99
2024-01-27,Paint,West,Homeowner,37,415.81,0.27,11231.03
2024-10-01,Tools,East,Contractor,27,342.23,0.24,7022.56
2024-08-09,Tools,North,Contractor,49,182.55,0.0,8944.95
2024-04-14,Garden Supplies,West,Homeowner,32,263.88,0.08,7768.63
2024-01-26,Tools,North,Contractor,17,297.21,0.01,5002.04
2024-07-12,Tools,East,Contractor,4,90.65,0.04,348.1
2024-11-30,Tools,East,Homeowner,15,249.49,0.02,3667.5
2024-06-03,Tools,West,Contractor,12,158.92,0.02,1868.9
2024-03-28,Paint,North,Homeowner,27,136.2,0.16,3089.02
2024-07-12,Tools,South,Homeowner,44,37.81,0.21,1314.28
2024-08-26,Paint,East,Contractor,36,90.86,0.26,2420.51
2024-03-22,Paint,West,Homeowner,39,167.56,0.27,4770.43
2024-12-12,Garden Supplies,West,Homeowner,18,315.41,0.15,4825.77
2024-04-21,Garden Supplies,East,Homeowner,10,222.38,0.29,1578.9
2024-01-28,Garden Supplies,South,Homeowner,16,124.49,0.28,1434.12
2024-08-08,Paint,South,Contractor,7,373.68,0.13,2275.71
2024-07-12,Paint,North,Contractor,19,339.03,0.06,6055.08
2024-06-08,Paint,South,Contractor,6,260.4,0.26,1156.18
2024-07-18,Garden Supplies,South,Homeowner,39,419.76,0.15,13915.04
2024-09-01,Tools,West,Homeowner,5,203.64,0.17,845.11
2024-12-19,Paint,South,Homeowner,14,290.36,0.18,3333.33
2024-02-10,Garden Supplies,West,Homeowner,16,134.9,0.22,1683.55
2024-09-20,Garden Supplies,West,Homeowner,42,356.58,0.22,11681.56
2024-12-14,Paint,South,Homeowner,10,440.77,0.02,4319.55
2024-10-18,Tools,West,Homeowner,45,108.89,0.22,3822.04
2024-08-04,Garden Supplies,East,Contractor,1,49.81,0.15,42.34
2024-05-18,Tools,West,Homeowner,21,58.77,0.0,1234.17
2024-11-29,Paint,South,Homeowner,36,454.05,0.02,16018.88
